{
    "roc_auc": 0.6950000000000001,
    "f1_score": 0.47244094488188976,
    "precision": 0.44776119402985076,
    "recall": 0.5
}