{
    "roc_auc": 0.7621428571428571,
    "f1_score": 0.6193548387096774,
    "recall": 0.8,
    "ks_score": 0.46428571428571436
}