{
    "roc_auc": 0.7676190476190476,
    "f1_score": 0.6133333333333333,
    "ks_score": 0.45238095238095244,
    "recall": 0.7666666666666667
}